Unnamed: 0,0,1,2,3,4,5,6,7,8,9,10,11,12,13,14,15,16,17,18,19
2010-03-01,45.08356424315994,17.20605500263041,-7.366911419004125,10.243973650162726,-8.538344325223207,4.8882775341505225,-5.951483912111039,2.295907774852238,9.073083067002695,-2.6980849597812915,6.3573298371541975,2.763832558855433,-3.2324656352545116,0.6972266012925128,3.287834218003182,-1.9684881129006435,-1.8328975829627647,2.0857090869019563,2.8254184992170535,-3.2467055670212632
2010-04-01,43.89988308377414,16.07119259523186,-6.867927754722411,10.114243856092319,-7.734894766499822,5.394071251156731,-5.832935256849309,1.6950147887957767,7.165646042685374,-2.2068258696404053,4.235552583551694,1.6717504979417726,-3.3437340256446917,0.6686887964897702,3.162958252372177,-1.2579970352688403,-0.9695075964268207,0.998650887179857,1.5489187086678324,-2.125881120213888
2010-05-01,43.474315467020546,15.724146174256234,-6.019110968898816,10.500923232414932,-6.6080081949543805,5.838854748806137,-5.502374611236208,1.3775579068236237,5.274917581570125,-1.7348339279740925,2.6970849606491805,-0.9599926957499478,-1.2574129035450694,0.49870699733770185,1.3747806032333805,-0.8084527929309071,0.2903210295803098,0.6867706078829181,-0.8063428939288775,-0.8059811699411907
2010-06-01,43.70858388361774,15.768368659074515,-5.479641155718219,10.831352877224209,-4.819956878135046,6.453466055465267,-4.472962508776019,1.1238073109154154,3.4894601224234054,-1.0675374239463085,0.32380865260048375,-4.752569628732875,0.0902155317052119,2.3260815339535785,-0.3364196636287874,-0.7996826006354505,0.6152226527946413,0.7289177802688559,0.8618283214558735,-0.33897748939188244
2010-07-01,41.92322934941386,14.192671628005565,-5.931671017098704,10.719881676395513,-5.849672500537083,5.792015923234873,-3.679419662552122,0.20685183105125082,1.0637574870517614,-0.5451595070889093,1.346229412225037,-1.9529260046316914,1.5206795837115878,0.14470547976924308,-2.072038886737189,-0.001918564054656624,1.8376153078713804,-0.5666821329644602,-1.5644200018732133,1.851846755505297
2010-08-01,41.35507398573821,13.487078600759943,-6.1158696254307925,10.501573438363025,-5.9434728943061,4.893058781546271,-1.0722743182098027,-0.8280964696039015,-0.46546488469878,0.061873483337224866,1.7987227091482518,0.48669101496393485,2.0743482331920404,-3.3108046519085175,-2.220298073850717,3.0890293699982543,1.1903583062291612,0.12609234953381115,-2.1937143706539626,1.7703252203111945
2010-09-01,41.21929045457607,13.48724906482778,-5.526010813657988,10.043581539497538,-4.68343689925092,4.185777648164514,1.2575553348949073,-1.1686419461450406,-1.0575030406687922,1.2774433300546493,0.13689622915884403,-1.4178794795387843,1.815472314156462,-2.960580469539479,-1.2713141509844634,3.6287557230649727,0.7602527502973833,-1.1788979176171575,-2.133934366974474,0.7422693918693786
2010-10-01,40.55002225004682,12.158786141511786,-5.34243277170861,8.702734952523336,-4.145147639515963,5.092149500002123,2.3394239411666238,-2.008002985276956,-3.0270015286935132,1.2577258495915298,-1.2304146840651262,-0.8781017005944061,2.383101373254394,-2.1154994719271922,-2.0884372541367195,2.390613897825797,0.24210570970442685,-1.152332080694371,-1.554181795291313,2.0665675892066417
2010-11-01,40.04730701331094,11.61487752358406,-5.407228365096605,7.39141190539315,-2.1507362686155465,4.735194158560009,5.516091743634543,-2.419632457678225,-5.214030642463484,2.51408611055503,-1.2428617672947144,-0.15128408270176386,1.7951409724503484,-1.374422298363445,-2.33553252224484,2.112547045791419,-0.37050188496527425,-1.3950637880560697,-1.5265611633861003,1.903718784434575
2010-12-01,40.02622662587353,11.311026870353043,-4.3149195512481695,5.928425401974714,0.1091506275664651,5.398602375616578,7.070409994819469,-2.981706023171661,-6.179754298034993,2.1217995647009538,-3.903108105905235,-0.883080692042009,2.4504134990027717,-0.23776461709865104,-2.813322492200409,-0.2191551824391853,0.5038074599097051,-0.26491564319812877,0.6697761149623336,0.4417039947501744
2011-01-01,39.242923380165344,11.217774334606903,-3.9566115506927058,2.3752516001030792,1.7598967183061056,3.235820419890384,6.932024868873864,-3.0614860297408715,-5.483233960298623,2.7568956811276224,-4.503589361734558,0.18143538668629033,0.24894420473412604,0.9507618453606816,-0.4057568305808913,-2.618331332103606,-0.47710889798145506,-0.6756026654967524,1.6234978753161875,0.3699878527980138
2011-02-01,39.59151132068792,10.949340001983458,-3.3760859612514027,1.9295773186757308,2.815200668460203,1.690651740537065,9.121813204124196,-3.2153334417885486,-4.761687715778306,2.9331027384079174,-4.196477231526339,-2.06381822135798,-1.4949237054752718,-0.07824859053182431,1.5150830745246433,0.32873140824328706,-1.133843153075115,-0.8594010181889956,1.907203283121939,-1.2978517025174812
2011-03-01,38.204728244873316,10.383521598715372,-4.141953282143759,0.7276111402968997,1.6022638902050914,0.01002135016058947,5.5082417377380475,-3.415930763105645,-4.7965619478076,0.572131317344656,-2.7132772124893068,3.551393991479805,-1.262082854454366,-1.9736407632022162,0.41684861409078605,-2.4740658276386096,-0.4545201182755396,0.13449130987008173,0.6733412411358357,0.9411887441633666
2011-04-01,37.83405175013942,10.451353246468738,-4.925750199576127,-0.5555966107933044,3.255837739010852,-1.9090740486909625,4.08096490217511,-2.8687863617989846,-5.19588047135181,-0.30108357747634273,-3.1523747450548134,4.038221942563421,-2.659584044538204,-1.1242708362797826,2.222346515419136,-3.1158154054390694,-0.5847544453221452,0.27595012708593525,1.8084748009873701,0.34498785149522315
2011-05-01,37.99818705184581,10.919866212900647,-3.3565161818954516,-1.3590512144719225,4.178913505474714,-3.7183471757708357,1.6302684726003533,-2.4426178511426206,-4.406573046287382,-0.59236756534616,-3.269114681973438,1.7473775925869954,-1.3532545197003225,0.5423726890370243,1.2964226813574857,-2.1498363544729884,0.21360233041010046,1.0079765372542042,0.341061676006881,-0.27278903865284043
2011-06-01,38.178148022670165,11.379923850651506,-2.765135253676174,-1.6228713732092772,6.319937007153573,-4.6920797304134805,-0.28513133671241664,-1.7173080303345318,-3.630107841879459,-1.7075738300951089,-4.466498334579634,-1.4197993879152357,-1.1698511895762242,3.107591834467544,1.4923859514352853,-2.6000046657927496,0.2966462927999607,1.240403044915909,0.9249153809896451,-1.4125929558669155
2011-07-01,36.87928836539872,10.591071216343657,-2.1156638663915808,-2.5028079122323748,5.773429389299462,-6.760429194741289,-1.8770262474153092,-1.3561202869762035,-4.068165082738146,-2.745422035323445,-2.365851038640857,1.483146791289509,-0.18121207161973518,1.645781187602574,0.8672992575708893,-1.1402511143135543,0.5850692470932701,1.2470036889861342,-0.4187562821789603,-1.3626852479955494
2011-08-01,35.78415897647601,10.129678959072676,-2.586472927766043,-3.537816348471936,5.599985012295834,-8.628701879454303,-2.9786644074127024,-1.3544086283399652,-3.5948522849754623,-3.6901310770279165,-0.8541821371513073,4.498396986419422,-0.77533717790474,0.9255206646689843,1.8917909248945524,-0.03249124165961259,0.17293534826393073,1.1006284736057295,-1.419920089607055,-1.5871549219176926
2011-09-01,35.39751701828172,9.464222390551363,-1.8806483618166436,-4.580817103411396,5.848785160058084,-8.183787917338119,-2.007720242636514,-1.2002762799191977,-1.756026930827597,-3.5269556333762404,-1.2499587452989305,0.5916709171229676,-1.5521177818837353,1.2565903406498509,2.1908088835625796,2.246470729998307,0.04602293198972002,0.8262036313335464,-0.9452199655223312,-2.5301060049081263
2011-10-01,33.60757805524216,7.833423125197225,-1.8270882731507638,-6.050064192734936,5.109901672667432,-7.41140603349596,-2.0710622826987626,-1.2158481605099047,-0.32375209925642545,-4.762080389993364,0.5771661938049633,2.376718610025998,-1.091284771591877,0.9169127414641918,0.6285449919448857,1.6193787429711022,-0.14115992272541322,0.6374287838204168,-1.179857166503821,-0.9966631670409429
2011-11-01,32.61700456349671,6.484599337604874,-1.485523122723865,-7.076182608832907,5.551467320330417,-7.23249945029203,-0.4428062242065425,-1.3014989201902671,2.0649325848275377,-4.0516038134921075,1.6205514184859502,0.7597581805358601,-1.3599839876640425,1.1004186443344683,0.5019530774115223,2.9737623428004842,0.17338334387790888,-0.42430250594896934,-0.5701548822213955,-0.6761601009187255
2011-12-01,31.414781182916435,5.695212122756488,-0.7205095847222212,-8.65168113074171,6.115202777163971,-5.506396248110336,-0.4925886816877212,-1.6967923449779172,3.7572529938163868,-4.179237086040269,1.6120359543118523,-1.5872855821704672,0.41449037738932654,3.1697900443754015,-1.0055227987833755,2.019356892879954,2.0313138890540405,-0.8918514195813837,0.47865153936884,0.523515824813935
2012-01-01,29.93506509755848,3.8739758406835088,-0.704905082863424,-8.996485811733013,5.131242678630314,-4.5416637290787545,0.12768523386535469,-0.8045151467573701,4.439402381767891,-3.1992842457224135,1.8799108953263606,-1.9265159505252547,0.12346769181836748,2.4436164100501014,-1.2103261012684694,1.1995938725828554,2.099805098266918,-2.116337185293358,2.5357950484458884,2.3884792989421757
2012-02-01,30.213747692397718,3.0208622412156663,-0.20937971548273282,-10.255267069546777,4.100318312566011,-3.5352923911552008,2.435532441509914,-0.6568674151943659,4.888508813842755,-2.288649655843162,2.040147196928255,-4.46854095902822,-1.0351209745575158,0.04897541002333749,-1.5720368735667838,3.945302924162845,-0.700395297897674,-1.8495920289833978,2.5166642303322475,1.7688234518931034
2012-03-01,28.042349979969888,1.825869092824458,-0.8591503246518788,-10.885971066995277,2.901169486855154,-4.190197207688108,0.09323351288889192,-0.498957666163411,4.031129375676488,-3.4426958679274096,3.0908618967129082,1.0424436721153394,0.002843328832828229,-1.9135960733658495,-2.9453038611982456,-0.7085148041594733,-0.7093657920070715,-2.578414436014021,1.4086825774897678,3.4869888795092665
2012-04-01,27.43520100584633,1.7988552897956076,0.6578427119323218,-10.850401164014581,2.899425023516132,-4.203529343386029,-0.3740268244277145,-0.31155620550240615,4.652925554338647,-2.024818862548545,2.371697128441434,-1.1773918821306348,1.2145227038781767,-2.219304376687292,-3.7197871174855037,1.049883103652507,-1.267700720901984,-2.7798323157892058,0.5028937601925287,2.320609699589448
2012-05-01,26.6448344171598,1.579671271085882,1.360462610056363,-9.959971151924009,3.051037424437849,-3.6686559741780673,-1.5016810466395436,0.8363139888839222,3.8987846776808164,-1.0520808042819492,1.755039121548008,-1.6254301925748518,1.9460915416350095,-1.6706807486518698,-3.8061430034856003,-0.7478825471036683,-0.6608941221488533,-0.8589744096596503,-0.002952193740946907,1.4199521258234915
2012-06-01,26.682935376403247,1.746812615488626,2.252625079979415,-9.147811192643879,3.6769405523265895,-2.2691027598906217,-2.4147169923761367,1.8503239436800305,3.522671073016089,0.9140025030212123,-0.4107895825397868,-5.1287764186427225,2.3092506665427868,1.2580674564045267,-3.0058591431638946,-2.2535221834360244,-0.5485745089161718,0.2728962501301637,0.6202844012602764,0.7823096790803583
2012-07-01,25.40142076835042,0.8662605410841216,2.7105696308008533,-8.512704761082258,1.9718131060045812,-3.0433193602912194,-2.020931053956439,1.6981973686193217,2.9599900529330743,2.1720999036464557,0.6430433584937779,-1.4136804179689195,2.619438948491335,-1.0003929077428197,-1.970699045799789,-1.1745820386454258,0.06587951251787683,1.4519136796371281,-1.8739600325890742,-0.39153754175975886
2012-08-01,24.482471853943505,0.1765243134004877,2.478064267801356,-8.48787440625101,0.7332401295650045,-3.728227467572191,-1.1157464089319582,1.1675951327952205,2.374192019849682,3.5422824922218528,1.036326519921705,1.3116037217780612,2.1684120571820222,-3.667507620917733,0.1107321254437796,-0.442401787081629,-0.4306304991916181,1.512524593858733,-3.5246975555549973,-1.504973393306181
2012-09-01,24.174527758678824,-0.6959254336822107,2.9202953315571123,-8.689305966813915,0.9132575685111171,-2.573369083957553,0.3125928098755355,1.7101473217429874,1.5762181563093802,4.929462370604734,0.6347379476223712,-0.7501013143761796,1.1915009279153375,-2.7899255238981917,0.4039615640541234,-0.13555623002661754,-1.9353413024239843,1.8742331341394705,-3.0722795598062937,-2.1557409410118376
2012-10-01,22.932055474330035,-1.5538832664953808,3.257317023543576,-8.647410335985915,-0.7305322384844741,-2.083971712589464,1.147826773559394,1.524742844684376,2.4360867570058096,5.020475196826508,1.0118445120723951,1.0146684671017363,1.943345478960346,-2.6354074718699083,0.31176799569115593,-0.872629387822752,-1.1451666192658045,1.8975282301416985,-2.928607379323508,-1.454554560796476
2012-11-01,22.205695998506283,-2.3879432154053304,3.61957194055633,-8.656235054573395,-1.2534128168765224,-0.44699271188107037,2.5489968230767044,1.1145842346344617,3.204012525022437,5.5732447042296664,1.162313868793977,1.3675410925605558,2.4890500893140306,-2.608667068628211,1.3266100762257864,-1.0614338899723565,-1.209866336008118,1.570716026429689,-2.9329542095307346,-1.456583192409948
2012-12-01,21.477894153159035,-3.459048066416405,4.442239000049924,-9.454443385540673,-1.2891593108698653,1.6311074544821813,2.2818881542519427,0.6010906924230854,4.2668044236759295,6.2517908568272595,-0.39981796542784687,-1.0035364321114284,3.2109435928690346,0.9867286946746701,2.0885455040167997,-2.7476020244906767,-0.14615175905082944,0.7699150415266336,-2.6757706786001823,-0.0036626985025836334
2013-01-01,20.519907523682228,-4.969011961827905,5.252145740598687,-9.11993775801257,-1.7587153369791397,2.120707765242301,2.585186823890961,2.1376445442479235,4.2011141769215445,5.56197209577144,-0.2583420971706163,-0.9694739712622805,2.0448200874716136,0.6742934945885383,2.802726807555542,-2.3623525916736967,0.046701472664361976,-0.006700561224404267,-0.377828168198883,0.6550616692738138
2013-02-01,20.59052212605965,-5.402862670985493,6.944064658653106,-9.722994761725076,-1.0685621905258649,2.815813243088825,5.601596435679198,2.0431715947610654,3.8700971863306215,6.811811074311556,-0.06590850589611147,-3.5788039825176816,0.2980455379647916,0.29978899905662015,4.751459600117332,1.8418748698245193,-1.2737787433653347,-0.34777588835644424,0.08202817349426827,-0.6081867030759595
2013-03-01,19.027957298600448,-6.018999999174519,6.122837747793374,-8.827905057851718,-3.1741684162458115,2.0823857795971934,2.296945070104311,2.792352500439014,2.3905979903922803,5.180513950222585,1.9042737227656081,3.051221245451123,0.6819503264290817,-1.3461242163418476,1.801391320937727,-0.20219145230044555,-0.5189904650955037,-0.32091116935188924,-0.15973665294912198,2.312650535506424
2013-04-01,18.459916464359956,-5.514019912252937,5.56001743597108,-7.384072430929041,-2.95423330909024,2.261168093120003,0.5703216695964181,3.702490238131861,1.4272595207968846,5.477203405612697,0.22872138157320698,3.7262596055560415,-0.3584197141357912,0.6581014771985341,1.457166091212676,-0.8162156039102697,-1.0243029121606015,-1.5177537648720203,2.2398671079899306,2.01944113334648
2013-05-01,18.224137308734065,-6.31342190092675,5.844592237657337,-5.932221013721584,-2.117795891050525,2.5927000454059135,-2.0213238115547463,4.566530440718375,-0.7591406101770313,3.8590892579214486,-0.9647979961927753,3.1956168585619373,-0.3482937957046597,0.868341215428329,-0.4833518741176363,-1.0630326182403824,-0.0739310484843404,0.17051626748624826,2.1931510873746243,1.7301964515644976
2013-06-01,18.266914064206457,-5.935648589610441,7.278394456366874,-5.175301181414972,-1.1975704449837432,3.156416935566323,-4.358097724671942,5.165587237237221,-0.9197127926980242,4.099165359297718,-3.476305382185565,-0.4671777993433035,-0.313715452305646,3.7164431050792186,-1.419717592879671,-0.024062406833769368,0.1396543399212914,0.3148666086264059,3.3312453219042197,0.40054388611386627
2013-07-01,17.03908663167075,-6.6937128110073845,7.514417574447734,-4.096389908494913,-1.5155942516573349,2.8458190001246217,-6.323649249665129,5.455285205233422,-2.3814598757064815,2.830447378961141,-3.2891499122404975,2.804356006737517,0.40613077665571923,3.329852171377917,-3.0194320567852238,-0.34233748861192215,1.163592208134369,1.1752251875037445,2.419569414362507,0.5104327008726128
2013-08-01,15.951864655066215,-6.924517933696019,7.356498654601454,-3.1767376511017735,-2.143203746578112,2.5804521785317065,-6.4277130165510705,5.59319456991026,-3.157930599201067,2.429028631429058,-2.8891691105707196,5.893403188914501,-0.4693982994853103,1.7739805052423157,-1.5792784347285063,2.6708381014295726,0.48641626213103306,0.4168047458456836,2.2184385055130322,-0.7816687266932694
2013-09-01,15.365902537017963,-7.730251344241547,7.933960291503784,-3.5214236741301237,-1.3266582615006426,3.1362429256813815,-4.302377217058473,5.018588524552353,-3.502180509268059,1.6565901835769843,-3.2222851090631655,2.4687336255279533,-2.0206399537465023,1.6712675932328334,-0.20174375838500583,3.955066281624995,-0.1393085468744355,0.11769996809382832,1.5772084956654522,-2.27998247911288
2013-10-01,13.746746199646338,-9.004317149167749,7.5185051113445285,-3.85972163837234,-2.2518835585263646,3.6515868563028793,-3.0397908252711563,4.463249936607664,-3.0564015729205365,-0.7453600303505765,-2.384458760258547,3.7098163208942037,-1.9144345312089097,1.584130164605949,0.1180814335103455,1.2892601232679273,1.1524980325180363,0.16927121294043568,0.7260246553931269,-1.3637539062210582
2013-11-01,12.976108594501143,-10.385098293308422,7.836835829805883,-4.408969105258936,-2.0531519645984067,4.499708807519408,0.1632843757922846,3.210043682402332,-2.6389027494952626,-1.1811563261742999,-1.1929588123672294,2.1621944574522907,-1.923150810992573,1.2183575262218225,0.5654626667790004,2.2864316363801698,1.1237666957664538,-0.8182265735521543,-0.2704999144953366,-1.7669975979593904
2013-12-01,12.050820137835391,-11.034143501537082,8.71461819776398,-4.710104990669791,-1.7870214969377356,6.0130875023536206,1.2824786172507074,2.658323691998427,-1.468202774147848,-3.124859059600782,-2.028975061759524,-1.244418049199484,-0.4672411873519666,2.8153172004797353,-0.5049042996791417,-0.34824915711333837,3.140121977229359,-1.4136608750354522,-0.36084468384556856,-1.3858523119910107
2014-01-01,10.567533150645325,-11.825706799757407,7.934833131043514,-5.117860706540684,-2.664768855547682,4.942006512337878,3.4737159694175865,2.140322138018715,-1.1356275853798172,-3.560783446221993,-0.9683231020343097,-1.4918224042843788,-1.2528277194204733,0.5768752222664022,0.37521898769798384,-0.6996366842281727,2.738926846178799,-3.4869206976416707,0.08565012113501969,-0.5328319401681597
2014-02-01,10.503183254235921,-12.131181152550088,9.445480593882179,-5.407282561129009,-2.1039345044215354,4.988125986907177,6.479447565251026,1.2400518670403733,-0.1763783240945902,-4.7838722916810505,-0.20911442028371424,-4.24998901297569,-3.4908815564213724,-1.6988702624762904,2.3459854475886828,1.103473641584368,1.713904573115347,-3.6767164967370185,-0.4927046764627614,-3.0889241125739346
2014-03-01,8.152205728176146,-12.577716825367435,8.262906917514536,-4.669861173921812,-3.8320776095474476,4.320745461833523,2.5169523677678045,0.9388599584572497,-1.6757699018866208,-6.212291272361972,2.3689699080924114,1.9579944099166262,-4.282714504222641,-3.2331137766125626,0.9617461714816906,-2.608340574446802,1.3254061555655892,-3.0799278684062785,-2.701291923716226,0.7261519504760765
2014-04-01,8.012720226283097,-12.24705339965588,8.75417381519498,-3.0810752721377677,-3.2609638464465536,4.259824385124224,1.4878648921501303,0.8467884746024076,-2.626268700825599,-6.101095913337019,2.1540129198264495,0.4786379394815113,-3.9141966787204545,-2.331306477343577,-0.10543293920411756,-0.5690545606651781,0.8837871073770465,-1.7995048730789176,-3.5713891143355556,-0.6466297365330209
2014-05-01,7.353880215511144,-11.80702259920044,8.992787507955997,-1.7924943241911486,-2.688293729502567,3.2799165828012455,-1.4697771244425866,0.5594294379187326,-3.045837765659886,-5.434255819445681,1.4200149040551429,-0.09730918524180746,-2.5960843322313774,-1.0604722691207045,-1.0291802220460489,-1.0963087233773907,0.23543751089061868,-0.6392997032167839,-2.3683785701556515,1.209353719379005
2014-06-01,7.726982303299423,-10.825279024587738,9.77216803711412,-0.4589660442895619,-1.4465622352241916,2.613566567820657,-2.8867468977919026,0.3422423359236232,-2.906096312884928,-3.9267249481944813,-0.3941865735539809,-4.237704832069897,-1.542481417370501,1.0640818476770897,-0.45114381119100205,-0.3107249930212124,-0.07912233078915096,-0.2736521135323157,-1.6161960454233375,1.18920421678463
2014-07-01,6.867359517140914,-10.605243271994121,9.890648564616729,0.5703245551362915,-1.6023411411035404,0.9408206735661166,-3.7431616880709075,-0.4878010059900292,-3.968477892095706,-3.1079750562673025,0.6669002855394228,-1.716059621115818,0.4068633674154423,-0.4847188398773654,-1.3144605885408647,1.2269377542258733,-0.45064556320718874,1.5417881187089604,-1.8771203111488157,1.1912478078850637
2014-08-01,5.893348710713618,-10.729307570275724,8.721110219712102,1.8656605419708483,-1.8675111113032927,-0.04879267228875128,-3.582678625711404,-0.8071374805504972,-5.091752695381334,-1.920417000481556,1.7345201401783235,1.4368134537432375,0.19359816662160723,-1.0308392441307874,-0.6930128443905473,2.5971637925723225,-1.48575683374453,2.2958052085995115,-1.1827754815201432,1.6539900203035052
2014-09-01,5.270232549406965,-10.393824336668617,9.307085966113709,2.1285481921515053,-1.550093368230319,-0.4605047249642961,-2.537522899744255,-1.4679850600991071,-4.779830947833192,-1.6014650577313359,2.2365334808232173,0.08162405167986014,-0.1656019319129977,-1.3219858849404806,-0.9226800507088073,1.8950552601857524,-2.2788337556124767,3.0963741264675635,0.12201012641931447,0.5738899270316695
2014-10-01,4.496683225441364,-10.973905341741668,8.839361603371032,2.204429283073387,-1.7358378757136952,-0.5408108990021671,-1.1330286205449256,-2.7793946496338187,-4.055704614400587,-1.449230492903979,2.4200514264759705,-0.3992873844973074,0.724975606335192,-0.3499433656473984,-0.7054487242457806,0.23262568240249393,-1.5048370786564347,3.9947621764203793,0.16376970376401687,-0.08347485951827788
2014-11-01,4.2985807133841645,-10.953215458647112,9.28871566390626,2.0824192706104343,-1.9429534997820834,0.08292204126670746,0.28345967236630965,-3.9954996027277083,-2.608845846716657,-1.3906244785335038,2.8151146532694393,-2.1167499564432286,1.9595391641986417,0.5424143837751622,-0.9576518839932303,0.39299869411397426,-1.516129930308932,3.8412491237491615,0.6939993870583802,-0.11963143632802825
2014-12-01,3.1089158438986804,-12.021428814527056,9.184818161686358,2.653375441193784,-1.8147338540283457,1.0598977250670005,1.1124260891693623,-5.250598687503043,-2.141291744097541,-2.152607072485589,3.5354316210087546,-2.4242035743572448,3.2473847402554576,2.0557796751293598,-1.8650648035077217,-2.1205365426007674,-0.5423965313052015,4.149134203448181,1.8762057870421582,0.1823626810974092
2015-01-01,2.4499851863757813,-11.672986331389929,7.84850473652965,3.2421878943617246,-1.7553997830666024,-0.06293929271888732,2.3581968251021648,-5.33887260580328,-0.9853816001581676,-2.1456326274734034,3.374263822558161,-2.479501004092312,1.3899501663494995,0.2929370697817195,-0.06797600216803834,-2.8462703786404786,-1.6338988241896228,1.6370016371205778,3.0325122586980227,-0.615126063737913
2015-02-01,2.5180888195960387,-12.206295828407644,8.568827494508334,3.9211312934894087,-1.2892483149764509,0.002885834849391311,5.28367763324024,-5.994531032282725,-0.5744042905646363,-1.0431293234219,2.9858899153201914,-5.411675160079031,0.24478256429911416,-1.0969639471566246,1.2678184277216225,0.23570315523292137,-2.519599313303355,1.7334583565582462,4.061252083039237,-2.3647322312989614
2015-03-01,1.4229157398066843,-11.746779131530436,7.291750037571154,5.1937428395714935,-2.4455655232812656,-2.0322988506124697,2.390567311944519,-5.64986199592504,-0.9493614549522834,-1.4020099550372576,4.678643503269109,0.1935421603458456,1.18012485611815,-3.818359629679846,0.5692557470429602,-2.0422840180686372,-0.9843155254355888,0.9359310352725341,2.102952923883387,-0.6638414055320452
2015-04-01,1.5805240039883865,-10.532619644983303,6.339778272513282,6.3485056743655415,-1.5713678401978974,-2.5477989755196746,0.45088883627105036,-4.9033713658874,-1.0012232274945578,-0.01942288378260737,3.1526695433419833,-0.8426978653775923,1.5287678034583718,-2.266291738257597,1.2501452847515302,-1.7324473921822232,-0.5305188636134259,-0.3596315936090887,2.5633966547814797,0.007573950179672773
2015-05-01,1.0433143269791607,-9.915651437515951,5.859325700347066,7.45045786097614,-1.4328519010406877,-3.506624488033909,-2.6409746343974514,-4.33911583282392,-0.6233190440643618,1.1989665358238717,1.535415627853094,-0.059461539426959295,1.4596400670934133,-1.983047576128575,2.5542294689338374,-2.345085823581652,1.1888763125256958,-2.175082384116309,0.8482776743969611,1.2967637563476486
2015-06-01,1.4372911977740954,-9.042769176942052,5.663445962728437,9.133368277650932,1.142805142236286,-3.367119312057378,-4.48325827532661,-3.3139467502906235,-1.1174597731729703,2.410665328220364,-0.24189872137734872,-4.111880181529795,1.7108310777647526,0.627159193154639,3.033518383518056,-2.0051714505666727,1.591749745599774,-2.4132494439327288,1.0867217425774376,0.4621402649498975
2015-07-01,0.5811890159509625,-8.91419009425161,4.623193897986354,10.394708201628767,1.3574204700530448,-4.4224933470152985,-6.851079625862398,-2.760470842584863,-1.2735428694003346,2.467738812987541,-0.4062799530014559,-1.3524892878787544,2.7846963990955933,1.0503680556703323,3.4837522028748835,-2.648215071730832,3.14469443754287,-3.1271753378927816,0.8925074494715629,1.172335059807542
2015-08-01,0.06901233186405342,-8.678856013604594,3.0616313370689845,10.973576335593794,0.912303687033988,-5.879492227905,-7.2041273542236,-3.559471291926258,-1.948333995928277,3.1197415339028463,-0.21061402793333606,1.4316079228307401,2.4220882605666394,-0.003526098406421152,3.9910439713555066,-0.500747194746552,1.9999007865707672,-4.042811450898513,-1.263902641977793,0.15243983832069674
2015-09-01,-0.5626824524125194,-9.483799836503751,2.9753879818012594,10.541096255575901,0.9765919383615268,-5.28058611548238,-5.34464114185566,-4.203370972194409,-0.6650518572769789,3.3179745712831505,-1.1799056094549876,0.27628849380783577,0.5917846868231271,-0.7646008941890482,3.1828600377163565,2.1782706561942513,0.014367776803083876,-2.6651661990358826,-1.4843704859317668,-0.23426461015184075
2015-10-01,-1.5049023460749011,-9.944038221259508,2.4222532248137965,10.286766035720756,0.2976533496984435,-4.257950800427287,-3.923340219404811,-4.789188423925101,1.1218861143234637,2.5015842674851907,-1.0965127971898991,1.4452661705200278,0.9173904931392847,0.7225962146280884,1.4816700153721354,1.34061875467942,-0.059766888028829346,-1.7977121347912262,-1.7118751008125481,0.23657619741135727
2015-11-01,-2.0248969296225834,-10.802413469448346,2.5179138295144363,10.320162844956904,-0.07131380589269698,-3.4954291268079776,-0.8004460997284484,-5.336834009029911,2.779459948050966,2.726005995470603,-0.6032557440759353,2.294695784909555,0.5328458862318128,1.343603282068094,0.23433065763359617,3.058841948371465,0.42466681742564133,-1.0261093970801745,-2.3128487627606478,-0.5392197682055067
2015-12-01,-2.6866953885711666,-11.7731560669693,2.910240013575368,10.054175115855218,0.5041732210760934,-1.6992328420990033,0.08028457011979451,-5.650434249358076,4.441370656332971,2.361947377545677,-1.4128718973694998,0.6372078431347528,0.9669296403473202,4.8316452011489375,-2.260781942379362,1.6989135846254646,1.6193169182891485,0.6790642954476613,-1.9868329058473644,0.18658459676727412
2016-01-01,-3.764850351084638,-12.098286195613891,2.0635644468857963,9.459684745205953,-0.318000570376205,-2.313665355965067,2.0291939272988464,-4.97252526396956,5.602298170419092,2.2449686198975582,-1.5553857988899025,2.6480414765441607,-1.5248771649040997,3.1413785547589153,-1.9663408796376438,1.940762192712619,1.008005497399019,0.7792644126941104,-1.3518354257533616,0.0027066743509747138
2016-02-01,-3.8197225547522393,-12.99434723584798,2.3641020848426413,8.847956977196212,0.23431856040897192,-1.4122844609872205,5.109545029003558,-4.52618539577822,6.259165679609438,2.2614775693825857,-3.0485784073454223,0.5122188053723127,-3.9569482393048494,3.4644910978325716,-1.7321955016684236,4.20902360333896,-1.151938055960918,1.94671013937152,1.434615761209072,0.0029665444217474857
2016-03-01,-5.68997508814838,-12.527531809619855,0.6879730598305196,9.042491771741231,-0.9692225534293643,-2.625855065596873,3.203862768461395,-2.529914755839597,6.02154167582282,0.8375114510864099,-1.5821368362980937,5.863889849221142,-3.234935256896485,-0.2953035923650402,-2.9976335598712094,0.9320970958127915,0.056156842331132606,1.1177513826359518,0.7352010231492507,1.8868596699474625
2016-04-01,-6.030767454518321,-12.121691773799405,-0.4319451733098658,9.231116773888697,0.3711461277844106,-2.798580753764135,2.7326296267712076,-0.8807185837205351,5.179137206150549,0.5739749069163848,-2.549992412310837,4.810800137731772,-3.336094011371257,-1.622047105829375,-2.076328345316359,0.1254172195265898,-0.022928159607258025,0.7026614360326893,0.7705654787629757,0.34708671101102917
2016-05-01,-6.3113238864984345,-11.306231509372367,-1.719315189551323,9.389191358956905,1.2799389917177824,-2.3800963838219253,1.0075637659469423,1.0626315992454438,4.125270616723814,-0.4480027662650741,-3.2267937718557054,3.0994205390618346,-2.0955568201952923,-2.068377268647073,-3.3629769054024026,-1.7611925234431336,0.3327871825282584,-0.051275796451826866,0.7299690886826995,0.13807745186909903
2016-06-01,-5.426199038300761,-10.470838700730486,-1.4046981084550945,9.275476010262683,3.204691241628446,-1.3667390469139695,0.30466726601040633,2.8573236871604397,3.660874890490158,-0.2972792142356556,-4.603894507494406,-2.4498055739210827,-0.8759497275854811,-1.0304070693714236,-3.704734206926261,-1.1170352806770307,-0.41463131449523555,-0.20752082162025887,1.0314997031201922,-1.7894359607778303
2016-07-01,-5.827379137306935,-10.073292238567333,-2.353996685014768,9.127384387030215,3.5926191087660255,-1.4644317940961715,-0.4459600262802418,3.8766530723073274,3.5280923950602077,-0.8786742897976401,-4.796856232138641,-3.0754669950524782,-0.14274750605726155,-3.2438153017414826,-3.2651376885446792,-1.3520352136120173,0.27218276992025525,-0.6520523832256402,0.42234069842994504,-2.9008510671957453
2016-08-01,-6.904262410388552,-9.845644187236996,-3.6833570778924005,8.06314484734064,3.5716816897960677,-2.03927838749146,-0.44812614571990605,4.6473551858252335,2.411660741150149,-1.0327738062437943,-3.3732405525826348,-0.063827707301669,0.44765419887103786,-5.0411154005974925,-2.449629851796609,-1.9211421830401758,-0.40564729754574347,-2.0137244437105792,0.07786445569260853,-3.6064259869443642
2016-09-01,-7.153478318304144,-9.73332927221756,-3.866252812346982,7.723537622073831,4.308905973949612,-1.316467665623866,0.39212755571831237,4.9854442838834645,2.5950283616876657,-1.174768352119388,-4.032101548844281,-1.9454067847238736,-0.35400731238919725,-3.5001964302698094,-0.8726708739992197,-1.007420970638521,-1.7662262037606635,-1.1697052151507394,-0.09933874433352274,-2.403631570932947
2016-10-01,-7.802112614487781,-9.648225970324354,-4.898866919585358,7.646617979828589,4.492743110033812,-0.4822976667445823,1.709113798118341,5.069737740159808,2.7301435084273424,-1.8903433153869569,-3.455703056071616,-0.9514780448051668,0.6093872189986853,-1.9079579940259925,-0.27984638748953056,-1.5541071878072348,-0.9293966545329596,-0.08760608585021012,-0.1822287916030842,-0.7631310038872227
2016-11-01,-8.001653374665263,-10.11137705841466,-4.892789937639583,6.812965598237343,4.618468891287396,0.28163938836578395,2.931474760848927,5.089634060709147,2.5782974762659716,-2.7874657121666457,-3.1291189780786905,-1.0966423278963082,1.2686896581825504,-0.07574996711302066,0.962580026589553,-1.125018662349083,-0.5469891054975922,0.6624649271662904,-1.5840812349898998,-0.5206945497851249
2016-12-01,-8.978416366897438,-9.852165383591563,-5.154607156289025,6.465974065198272,4.862668097224428,2.2945506416391592,3.442154262807097,5.097374567048078,2.7644372361976535,-3.9187945674844933,-2.4634919425315336,-0.9601849461464484,2.7413729738756163,3.412361740675916,1.1756530307597028,-2.891742636319629,0.04384220399135737,0.6328620110405813,-1.8427353549563783,1.7901422208987872
2017-01-01,-9.304949531034525,-9.032935907100093,-5.735902594601085,5.130551208069342,4.9178194642952375,1.413848529706002,4.61694979747834,4.825067209358627,2.3668725673068907,-3.4580476865003758,-1.39988932559283,0.10319478656304465,0.9827208575565971,3.468490584755197,2.68499288226002,-1.465959784439673,-0.7312410645273736,0.9065239730397234,-1.0176127426960164,2.674532560590478
2017-02-01,-9.041209044610685,-8.818964002935004,-5.848197710326927,4.984744055072456,4.94732275217496,1.5142617592931675,7.0571646901564895,4.417736001262718,2.2267396761017975,-2.244506280851196,-0.5955755145061049,-1.3055235780965257,-0.6215836503755263,2.5602284093599117,4.3995539226861755,2.064704304906808,-2.6473224262727606,1.3497177402394573,-0.5122057212320767,2.383931889122368
2017-03-01,-10.434463097768395,-8.833115147901177,-6.692452471332169,4.36589137255618,3.7910935525962617,0.37008642335733516,4.089026341599983,4.753152583108764,0.4363168983244812,-3.2131260253254945,1.1278199355126004,3.147139558357243,0.02028973848749424,0.6189023202417989,3.216758816032232,0.02906213221625642,-1.7551483122944682,1.8636893862606834,-0.9432630972195026,4.171165349908649
2017-04-01,-10.075283416746151,-8.026949920729674,-7.843827304449608,3.5124457446994826,3.6037926550023194,0.3012359381387977,2.3969495704395722,4.6571665240948406,-0.9187247303922145,-2.1004509636454,1.48080480796451,1.797975969551279,0.3734412588119018,0.5511914222645034,2.865780283894508,0.4378172306081322,-2.126929722254292,2.137872489241303,-1.2191096154339227,2.810739538801819
2017-05-01,-10.017719007478027,-7.150667124804356,-8.132694957821988,3.613255451441796,4.00268145191945,0.2868565640608491,0.3736003647275713,5.196619121070322,-2.421821606626722,-1.5357729913901,2.5426589876248644,1.2827900670645076,1.701663295809743,0.1279218244615428,1.122915227498162,0.6582858457460997,-1.6101111685844276,1.5425697448268645,-0.5953490595930341,2.604437944699822
2017-06-01,-9.335354398359797,-6.015128727929243,-8.03641173019598,3.482102773566342,4.737660400587695,0.711502159928253,-1.3586657370583546,5.240350543870039,-2.800170420797726,-0.3201033022466776,0.714149075985857,-2.963335435411876,1.9623917258729526,0.6768742726705883,1.7089564840812532,1.8127867887011075,-0.7516213647310492,0.267729912799119,0.32185482427683626,1.9381173369830296
2017-07-01,-10.063565230209145,-5.325048062621451,-8.799500021519197,3.281117901872487,4.682219360841989,0.42745474512049764,-2.6230474607144094,4.880560084756909,-3.3444636869729667,0.5625882022256685,1.97902203177967,-1.7683664085193402,3.1861677465957197,-0.0340935415799265,1.313997127427961,2.349828861853577,-0.8184568994983464,-1.613481059053333,0.6581755989606309,1.2600239050095667
2017-08-01,-10.956373145987524,-4.700924784751947,-9.433384794610234,2.7359226479708583,5.049983028290982,0.2337773773156681,-3.805652576280866,5.069445422759269,-4.308284956007421,0.7463289151613334,2.9626608886332475,0.3633462030236295,3.1932311930973905,-1.6030342978522025,0.6655112242078385,1.9653536655742083,-0.6173462959528592,-1.386448019446984,1.6541373769075443,0.1420967286470151
2017-09-01,-12.042451246742099,-4.7934627539133645,-9.690308081182506,2.179386594267554,5.6474299227534,0.1787454659150658,-1.9630135161876598,4.776794015897353,-4.16726131094546,1.1882148161835993,3.5849424183184375,0.3551805971157187,1.4659575608153066,-2.2895984058167405,0.22030748582001392,2.7354692257523627,-0.9027098824082849,-1.1858236966951679,1.9292117456441484,-1.2918793058966205
2017-10-01,-12.809038736061993,-4.885103603338245,-10.211758602926885,0.913266015703108,5.493869746361504,1.1449655242655465,-1.1912572954830996,3.554218873407359,-2.9877080954585455,0.6977485486627081,3.921153747051688,0.7604835325005737,1.2340258701372302,-1.1668713873538978,-0.07419336849534786,1.299911140985016,0.23392458373828362,-0.20593337040991833,1.840470457456669,-1.4531249681778178
2017-11-01,-13.448178432383765,-5.15498327318637,-10.130634481117795,-0.47273313123697747,5.628244674205104,1.3753089969982573,0.4601717190374352,2.026731202286329,-2.436208268770337,1.2025107676718791,4.909884547158542,0.5685547665841848,2.0836417503413123,0.5000308043224599,-0.7009459757056382,1.076463136617441,1.7527888323147358,0.2221691655517245,0.6736077966728947,-2.5417441155340543
2017-12-01,-14.399077449107617,-5.600234045601001,-10.152962276774094,-1.1748226281352039,5.601861421797098,2.7652027163791146,1.1498409558275693,0.884536564130177,-1.5011549630845242,1.0570318624454835,4.272150941764741,-0.494240739380441,3.547413331035177,2.7041208857879324,-1.5279073016195979,-0.8930354177094137,4.434898679056562,0.9970776239879783,1.031058229637274,-2.1720271666500217
2018-01-01,-15.23557135979122,-5.729883645974675,-10.2911714665752,-2.207327234050033,4.2183757461349645,1.1639583806986487,2.1356022765150326,0.3484803181271863,-1.241762043408663,1.4665616899859582,4.659245966685882,1.1077926731494276,1.9525488680940328,0.7465219093801276,-1.1819574478041135,-0.5398317892920375,5.142781472851323,1.1055820046491969,1.0883877851337638,-2.177422360797798
2018-02-01,-15.803423073633097,-5.956582297086219,-9.766425174709228,-2.5934221081861533,3.3870348015710383,1.3629453110218703,4.512618266340219,-0.7142614732668204,-0.23367466616723226,2.909200076437727,4.753565195780511,-0.27990053411609017,-0.4832233214154959,-0.6303918811416268,0.13830470332275202,1.9082228201895384,3.955324023023053,0.07583903108443672,1.0414955264026942,-2.6164472426462932
2018-03-01,-17.362224111562128,-5.9414240712336355,-10.152118083759131,-3.1313489517527184,1.4609545585038886,0.3488371402982823,2.0841559874053623,-0.9834941084846882,-1.3596600460313626,1.949941770976144,5.103551307382709,3.149588044015715,-1.7257171326900616,-1.9215249901757483,-0.9975599516846141,-1.5317906182988579,3.880732277486898,0.19471240405067414,0.2129907635742545,-0.07318180773393257
2018-04-01,-17.69481255232516,-4.8592360341402845,-10.552922751263782,-3.2631022081187853,1.3674775341070915,0.34633875555255245,1.5611228514704134,-1.0806362569494943,-1.5239063749871349,2.9647957371882256,3.8958918242221037,1.7852416981213994,-2.8667418682936314,-1.1962174844720432,-1.0780504272209286,-0.9204395042588851,2.753683901948529,-0.21920613580459805,0.30292648938513933,-0.029811938267047658
2018-05-01,-18.039921160211676,-4.299338621091423,-10.232157716699144,-3.4222550056881262,1.290395455384602,0.5654474542343775,-1.030447009804226,-1.0321274107210676,-1.90927095516057,2.6667779325883285,2.750360222102011,0.3461033294680671,-3.110491648929899,0.10479566780773464,-1.8884755225497276,-2.7933325528160453,1.6001102923555683,0.26952738423425215,-1.8657644134121745,0.14068770160473743
2018-06-01,-17.72972511954374,-3.7766999446042626,-9.255969073252011,-3.3392249407539687,1.886441076136536,0.8838543318844447,-2.094943142542176,-1.2591767889064216,-1.9388014570978398,2.8734427575728723,0.5917191426166575,-4.187909848386571,-3.9929781783508562,1.6808432399201358,-1.5814857375986797,-1.6652412832323154,0.5074648761023353,1.3267894759868781,-1.936898494735925,-0.512935482626356
2018-07-01,-18.227965150044213,-3.218553634795508,-9.415728636465804,-3.8428144015253993,1.1683259538441386,1.2977981702405303,-2.9083906862173916,-1.7226777973935343,-2.4734310939574407,2.9268420274140228,0.7612746787704916,-4.186739981665661,-4.440802793382154,1.994380284900963,-2.2737558793439603,-1.231103900321581,-1.7705547063031157,1.658286983295644,-2.494282499848394,-0.7418632415995556
2018-08-01,-19.51529367803723,-3.171422161813541,-9.424499110157546,-3.7310690999408656,0.5829509039889949,1.1622383004474521,-3.596043888347044,-2.22114634678893,-2.342512146130346,2.371839603208948,-0.2946746085711669,-2.2232869322964417,-5.399225476710967,0.9937923928206851,-0.8920024171088393,-1.9412272957015224,-1.7259189810362512,1.0868580628667328,-2.5752712799974344,0.19188078551162002
2018-09-01,-20.104890763887152,-2.81392436652056,-8.866436838232245,-4.280736559675166,0.3432728399198642,0.9029243920977205,-2.6122452742076616,-2.539788092097801,-1.9103811272919637,2.649508849751447,0.2089272737919659,-3.0024177526424536,-5.168467884660268,0.5561367102552998,-0.6050080807329489,0.6182552353052001,-2.289706976599563,0.10972393691941867,-2.6231871120988424,-0.8952066073957521
2018-10-01,-20.695374606325032,-2.775956186010703,-9.458687196001309,-5.200106383229303,-0.6035633544282861,1.5525722719947141,-2.341803385850882,-3.6271653402911683,-1.519428254050111,1.7569534740667194,0.6398742464975207,-0.9272135186588106,-4.2902062085129336,1.8188413935363126,-0.46152199852641007,-0.8462748445016184,-1.6689546542989027,-0.3322515868505822,-1.7973985289256738,-0.05289738595376614
2018-11-01,-21.17232894946009,-2.7220179911283187,-8.63588661157791,-5.929627514055392,-1.7860381663034062,2.027179402091933,-1.6864057765077205,-4.372742503924322,0.0338740585893848,1.50123315719662,0.45707032691052807,-0.7607749800953565,-3.275588763186901,2.0882940658007443,0.24557202685135274,0.15277242338586627,-1.092102109934618,-0.9391775091000165,-0.7808166552230227,0.3538229367066236
2018-12-01,-22.0369145077953,-2.9531970729445822,-8.787014799145267,-6.457559767066825,-2.3106598067275717,3.272792674675748,-1.9326191052057182,-5.496103308940608,1.191374814714356,0.5817876834560647,-0.32954541746589794,-0.6533604257047696,-1.5805199150526077,4.120178694363054,0.32082027921321155,-1.5087272187315282,0.25867311582208175,-1.3488545797888067,-0.9389743616678572,1.6716211801951322
2019-01-01,-22.052897748820005,-3.076067944925086,-8.735707703438425,-7.1415728930463604,-3.5460493288020025,2.715823942854869,-0.7311204692175242,-4.695713976079412,1.2763517248356053,0.4775444263751154,-0.14663436147017406,-0.42228545276284757,-1.0325362706305077,3.152352063860246,0.878495816355964,0.3694882778774021,-0.7599715771772382,-2.004666744383832,1.131871469688345,1.3944157083625444
2019-02-01,-21.664396615429773,-2.8768635970816288,-7.819883602048016,-7.602640409278231,-3.583834307655886,1.9564111060587757,2.089351701202889,-4.9746112918700724,1.7095725952005387,1.1764414495034634,-0.07635165767543994,-1.2413126163713564,-2.5793749831941044,0.4194713482935104,2.738362193231806,3.7688360053730894,-1.8899381852247736,-2.2029361274979564,2.0683034303013965,-0.5372086789188832
2019-03-01,-23.195325563584024,-2.3088357176694054,-7.516575707830478,-7.121829221163109,-4.852195376777573,0.9959948613660262,-0.24879465847105953,-3.651844155606429,0.9057222207482258,-0.1822773637314093,0.641363312585447,2.665509125844132,-0.7809330937363504,-1.5816218037231098,-0.6875778909976059,-0.26931921830493233,-0.7294774443879206,-1.3913570922725476,1.9539217115609397,1.5822771072638813
2019-04-01,-23.560426335257837,-1.3628848440387156,-7.4204442509121,-6.120750645689708,-4.502083473007568,0.492592327348642,-0.3346204419631721,-2.732688356817897,0.5998817159122226,-0.4411735786997682,-0.3568330480713559,2.8549503582299334,-0.4871157587205517,-2.7916200979276877,-0.4002088876829397,-0.41985254659773696,-0.8117753933131155,-0.059185169623809375,2.9104778202658133,1.3215021474762687
2019-05-01,-24.002430045036242,-0.8097398135666756,-7.398228528121025,-6.184562175349911,-4.647036999509435,-0.2944081123860197,-2.8145178709564953,-1.9378994371427973,0.08718789917526637,-1.067245592685825,-1.881691172084948,2.5124434292773774,-0.12482672909941163,-2.5378416918737416,-0.07366922428872867,-2.0183754984375666,-0.4621315920062774,0.07046406841999331,1.6892430883459253,1.6409351424153522
2019-06-01,-23.494838126137438,0.30832043679470883,-6.846997008553733,-5.5749301529172115,-4.446978865974643,-0.11098684145718796,-3.1206668308927568,-1.2731895299631621,-0.31577081370421495,-0.43744458727707497,-3.8914892870133717,-1.3003574046709132,0.19220081186855728,-1.5158861675169526,-0.00959899240111781,-0.2660910093184611,-1.133865046032723,0.22507082063721967,2.08742256422266,0.8506573926640142
2019-07-01,-24.250529700606567,1.4695373363122557,-6.213854224417575,-5.731438626592858,-4.879391074377496,-0.2722639918401484,-3.859305808142838,-0.7955792376077179,-0.9255598057674818,-0.836851212485241,-3.55970875952794,-1.4946675609757762,1.5161664507627335,-2.175731221510551,-0.6384641088771235,0.03654707086183806,-2.026889990916052,0.5266562694116288,1.079634643351342,-0.19718475879469155
2019-08-01,-24.82361098860645,2.177857423962297,-6.18580849524836,-5.473286964022476,-5.064377795851028,-0.03432442303380312,-4.22445459673863,-0.8225793086264632,-0.5751516446144123,-1.1138079883700938,-3.8232447874588074,-1.094754922157082,2.1821881876262843,-2.0331898796603065,0.04993194250723433,0.4148339167500169,-3.1935564141362986,0.017117155349987784,0.8283705227570125,-0.5880423474231683
2019-09-01,-25.864359912646194,2.208007528350716,-6.261336130130674,-6.020067677226934,-5.800788754467986,-0.39459491734792274,-3.399995329986486,-1.020079387699686,-0.5619330891968359,-1.3969511416307099,-4.016895855150873,-1.0959388962908643,1.4335738659009691,-2.151142772244695,0.9720277535379217,1.4416512640918149,-2.8136378462533087,-1.164452504253306,-0.18129051861794188,-0.9054794245689682
2019-10-01,-26.826857418387554,2.2506777317649638,-6.299773961685035,-6.396496606320866,-6.960743674684322,0.01316824351043766,-2.7450573924002284,-1.7557494675484733,-0.08732469561381373,-3.0265995788313234,-3.6393410101038217,0.6162342290830982,2.903083922237452,-1.2830380273234585,0.7681114490849378,0.09102866422863376,-1.6437314376661876,-1.0549208744683654,-0.5023469247741496,-0.6392971548182601
2019-11-01,-27.43655986172684,2.1580305212852,-5.667798397712943,-6.730439830354194,-7.5451740936601155,0.2472840037552828,-1.5339496100429169,-1.9499883451994962,0.3495242133802364,-3.654420276371245,-2.945912340701386,1.1492927331417628,4.305077446010708,-0.041270002749655865,0.36833815570202344,0.5212243923670015,-0.4794639518258931,-0.06293266451088211,-1.2521935915227,-0.8459081840195483
2019-12-01,-28.154313412592952,2.1063466456442836,-5.170607197597695,-7.226799577392064,-7.516673082744717,1.2519341049058712,-0.8180938564011477,-2.459719580966679,1.522065404463743,-4.387580254904847,-4.254911883843105,0.47682846357580644,5.970226557908929,2.994325054348013,0.5401010421500019,-0.8169912487621807,1.554748821290863,0.591739240958091,-0.6478545924487671,-0.4791111744756147
2020-01-01,-28.15420567764618,2.517411732879021,-4.476502118625879,-6.792648624220209,-8.380730953743063,0.2842354471411137,0.9666711175188845,-2.1004231355691516,1.4775289780814331,-3.9157569519442292,-3.9400541037817143,0.7571774144088315,5.279542673089468,1.5137130768273415,0.9501816207289264,0.032821086025363044,2.4677524085445564,1.3427216096611478,-0.2863303935347865,-0.9749158567025258
2020-02-01,-27.487995637191986,3.1091597826190327,-3.250657399263429,-5.839602738051267,-8.338663809970942,-0.31122882967921284,4.600880263438961,-1.0357258973003747,1.7279042498914028,-2.1744661004382615,-2.1714313590470464,-0.3024900841382896,3.309508651001911,-0.5746718647074059,1.0439860996629051,3.4095501124925303,0.8546170574757059,1.8516914092281016,0.6939900509272374,-2.321269732243804
2020-03-01,-28.178080314533197,4.871890810635899,-1.9075551180929506,-3.544659278280871,-8.694394083045703,-2.6109385697424057,2.5241697740704216,-0.11050457351947296,0.8591223199867785,-2.5460389250648148,-1.3168493217540118,2.921613105385883,2.1337263788809624,-1.556274819581137,0.06578494310566509,-1.251301591735651,3.542681143356921,1.5698463400518916,0.05856690088382144,0.22526225066244865
2020-04-01,-26.887140330509247,9.20145682829403,0.9745431094470648,-1.063239106262496,-8.912641176783795,-5.641520479242412,3.786914533887547,1.5444851973654252,1.1364989581288678,0.022829193693104988,-1.129932966490768,-0.635008702963244,-0.8777742043324231,-2.1229168462195,1.4562794286629666,1.2817013815201854,4.64192349329979,1.5691257394628764,0.3079117673783103,0.22343265218998476
2020-05-01,-25.995447052708144,12.13384404184193,3.0147880175412887,1.008737366442559,-9.22182231534521,-7.369918353835461,2.8485784402669285,3.770612752373793,0.4203922281888578,1.1241687010090111,-1.1340413749234095,-3.1739647525077475,-2.9706461579094,-2.0089240388909713,1.7652500599927197,1.8366549450360057,5.186863525510323,1.9683264309157127,-0.049773626806767224,1.681919299667554
2020-06-01,-25.035010078317843,14.439085037396648,4.406872634634346,2.7519117482044115,-8.685899134257594,-8.07973066437653,2.061447815386431,6.100313879908558,-1.502590522275805,1.7177568125765135,-0.41345423715302587,-4.79504485149976,-4.69853347620264,-0.973245969692448,1.0688011229368273,0.8421933400805288,3.6632678606302624,2.6714736986150847,0.4509700848194531,2.4278131026028555
2020-07-01,-25.694775303753875,15.76226084163616,5.026471012264369,4.573905322921544,-6.902852240935954,-7.881494862764563,1.1074787581728143,6.083644774533598,-2.295109160579815,1.0161519712485907,0.2744375563514312,-3.0777495547318945,-2.591802675651091,-0.22746363554076893,0.054420148108686665,-0.203188208357296,1.4994529106020975,1.9813376300362444,0.08352498739043224,0.9407013809314975
2020-08-01,-26.64688877532006,16.637905832014972,5.305862118890411,5.45137686948267,-5.648359708522238,-7.8361686100857515,0.34627964751090057,5.0479384674000345,-3.13346117963105,1.6666636993686128,1.8402259861856305,-1.0356961674862308,-1.6760673214943553,0.7722366159509189,-0.71837400975917,-0.7079937430998398,-0.5822914161094682,0.21013379532645426,-0.014067443427868476,1.1077252103023307
2020-09-01,-27.448847371797076,15.66490076301273,5.413891298133125,4.598917369921415,-4.458804622208904,-6.368269933849559,1.1079549288508472,4.487681292840866,-3.0949837954229737,1.6389493371402677,1.6941436055544439,-1.1112765702153213,-0.30140348950060547,1.1023585900260424,-1.423738689127266,0.16353371995724642,-2.320886669921056,-0.23445769568814767,0.7112089136283819,-0.3760204834146432
2020-10-01,-28.23392769097422,15.638632430864405,5.450142031286646,3.9029720014751303,-4.238246795140764,-4.764625140282206,1.4642763436135644,3.658404840508684,-2.3422826484457917,1.2450013344173032,1.9795148339184778,0.5959573189722218,1.055689235863696,2.2812215793743893,-2.1243558959727387,-1.2441556380316698,-2.417093626759332,-1.4157818374799924,0.3624324954406286,0.013012864269032365
2020-11-01,-28.684559835137346,15.270445922933234,6.2612807781404936,3.50962976424442,-3.108466295015159,-3.2227177156208855,2.8580826809902034,2.7859144904689774,-1.3610387107094428,0.5411078847567787,2.3420437986642186,0.4279565032992092,1.4792292702439003,3.911405588351179,-1.7380205370744277,-0.7746172044556454,-2.198460836124436,-2.672790399807914,-0.4408620807487438,-1.387833690116142
2020-12-01,-29.820214661184412,14.79977928060992,6.645811121660206,3.1080670951746163,-3.4146183650577924,-1.370910275163846,2.8593316127813058,1.8037712130772847,-0.7505112393960067,0.12553220540910892,2.818283153838831,1.4889903757069503,3.0321178485373808,5.172293828149798,-2.790077226497544,-1.3949748403788098,-1.5331196863851373,-2.7629988346409484,-1.99265868906148,-0.7978747056857414
2021-01-01,-30.581590396595395,14.533240609495655,6.422721457125611,2.828174794715527,-1.6912469390613605,-0.7489579920652983,3.5787127362146576,0.6077593673504285,-0.32592596124382256,-0.7898797518976072,3.1457240387705347,2.958041685683944,1.7797581721558444,3.288352253286831,-1.047894861237327,-1.106543707698018,-1.3512066656078618,-2.7353455990915663,-1.7889666896294512,-1.7350243743164424
2021-02-01,-30.464248513787286,14.498092213118477,7.296731321875001,2.439314920858367,-0.34285045736139064,0.37196545452116747,6.184697242116409,0.201641823626163,0.16007504088502533,0.21178706413001025,3.402350827618325,1.445680881990398,0.6561508745779192,2.082578589018228,-0.4734729354439323,2.5881916967049827,-3.236257051566662,-2.1903542418656827,-0.25105999723163874,-3.177845629291346
2021-03-01,-31.730174490476763,14.172125295337395,7.225071944742434,2.111209704632592,0.6040025130815512,0.7424151533792867,3.0459154374209785,0.1058167501870313,-0.045611399264228636,-1.6329264943132977,2.9777662587091394,4.110211117088159,0.24750398212582603,0.6288272770096204,-1.202629134781846,-1.3252451776630225,-1.5511526211952784,-1.075816051706505,-0.3037679793633776,-0.638909688955944
2021-04-01,-32.01110144008685,15.67484025125471,7.124786554857059,1.5751794535103374,2.446529617907457,1.4781512758000899,1.943084366805765,0.04962546129066725,0.6006859638107015,-0.579743737294368,1.0645438602084987,2.4976078782471034,-0.7631174067501716,0.9236755346192063,0.31914302818456874,-1.1154373927540364,-1.8314991044138536,-1.718134091455034,-0.46139634533513774,-0.9485709127893626
2021-05-01,-32.79638318507908,16.546031679524315,8.209147412630992,1.1155010338011828,3.6956571398344247,1.8109403463693807,-0.6383415566728494,0.1122477761405678,0.5551087079564236,-0.16501966544990687,0.7097541838532759,1.8756212151511917,-0.6882225635162521,0.2473434167208315,-0.437861225367763,-1.6854716140751689,-0.7303775826989998,-1.348889519995374,0.18545021064929035,0.8519018813343527
2021-06-01,-32.58521097978813,18.130966305345662,9.813962159165294,1.1543143497074542,6.573835395305423,2.2996653534340146,-1.6882448930588656,0.27525642637586123,1.3799736363958666,1.1724407074266745,-1.0897904916873717,-1.7383783357901235,-1.337072748187547,-0.32740713317269954,0.5720957988889436,-0.615489589357227,-0.10081497724901113,-1.1014113718115377,0.9884412163289937,-0.08519138977967589
2021-07-01,-33.159512406342856,18.387759640906403,9.656607019065657,1.163778229339408,7.880579963965838,3.2394804831119504,-2.930952164962015,0.25513331970594466,1.6578135970285766,1.0862656989647563,-1.1111451951561715,-1.777903239455957,-1.4273542767984702,-1.591877737093143,0.5612044360146786,-0.8395331625202318,0.9008776454543848,-0.46722161822316527,1.0307007951753158,1.4022236469407792
2021-08-01,-33.55358671993733,18.53631365151814,9.290125749174504,1.0456133871956557,9.345491006262517,4.199589703926822,-3.1493525102696105,-0.45355395266213716,1.659506916574848,0.9251942837947251,-1.2112150484901214,-1.895376518149965,-1.579437015522866,-2.201199239534009,0.6397816220945233,-0.0658273780236236,0.4953985468336265,0.32090331059916943,0.7561564858554095,0.950643346841676
2021-09-01,-34.600408561932944,18.05713141271717,9.707107307759978,0.2550625535694316,9.472138391403501,4.385759428621172,-2.34458142225407,-1.4455593275400394,1.1721170736132858,1.0606948367421907,-0.9781161710755221,-0.6188153831986408,-2.2824145432930623,-3.6678377205699415,1.1256403573701215,1.8281940741101161,0.2715997734839184,0.48836663763045574,-0.19505495122757188,0.4398135251801643
2021-10-01,-35.66534955069695,17.457347857969832,9.25572705676075,-0.4632372271560333,10.073216189275977,5.719155408398339,-2.1124935126830993,-2.7666607429301395,1.9876570308176205,0.23872057829477078,-1.3884346976799313,0.7056861271203576,-0.9613108695399433,-2.610873483270394,1.235288042410441,1.2015634881565593,1.0655186642593155,0.8492115253475735,-0.4856472786053476,0.8115625806435746
2021-11-01,-36.80800460572877,17.18439366711265,10.107268705507789,-1.4497248339453142,12.121263329644522,7.668586536082122,-1.8766022608596296,-3.4641630802929955,1.9433740541140927,-1.2370186257716749,-1.0629339423502002,1.6459075405158488,1.210683267143071,-1.9730830070716432,0.4571225988688848,0.33180193896137844,1.463763184154094,2.498473996729464,0.35468893917025923,0.21498087150828782
2021-12-01,-37.65476867738397,16.28628915646958,10.63095191377231,-2.78490473379458,12.375094357917554,9.896527546500101,-1.71815437330676,-5.726386526856261,2.579616786971589,-1.3427021774164851,-1.3185850647855404,1.3789168830124336,3.303216358797932,-0.1811050723711154,0.10577336131996817,1.1173991971757669,1.7780454141138977,3.23295237263486,-0.977352771229572,0.2902259032502176
